{
  "formatVersion": 1,
  "database": {
    "version": 1,
    "identityHash": "01a16472e08dfc8f92172283075df68d",
    "entities": [
      {
        "tableName": "Note",
        "createSql": "CREATE TABLE IF NOT EXISTS `${TABLE_NAME}` (`title` TEXT NOT NULL, `content` TEXT NOT NULL, `timestamp` INTEGER NOT NULL, `deleted` INTEGER NOT NULL, `id` INTEGER, PRIMARY KEY(`id`))",
        "fields": [
          {
            "fieldPath": "title",
            "columnName": "title",
            "affinity": "TEXT",
            "notNull": true
          },
          {
            "fieldPath": "content",
            "columnName": "content",
            "affinity": "TEXT",
            "notNull": true
          },
          {
            "fieldPath": "timestamp",
            "columnName": "timestamp",
            "affinity": "INTEGER",
            "notNull": true
          },
          {
            "fieldPath": "deleted",
            "columnName": "deleted",
            "affinity": "INTEGER",
            "notNull": true
          },
          {
            "fieldPath": "id",
            "columnName": "id",
            "affinity": "INTEGER",
            "notNull": false
          }
        ],
        "primaryKey": {
          "autoGenerate": false,
          "columnNames": [
            "id"
          ]
        },
        "indices": [],
        "foreignKeys": []
      }
    ],
    "views": [],
    "setupQueries": [
      "CREATE TABLE IF NOT EXISTS room_master_table (id INTEGER PRIMARY KEY,identity_hash TEXT)",
      "INSERT OR REPLACE INTO room_master_table (id,identity_hash) VALUES(42, '01a16472e08dfc8f92172283075df68d')"
    ]
  }
}